token,count,frequency
tok_0,41096,0.18930571933962265
tok_1,414,0.0019070607311320754
tok_2,0,0.0
tok_3,0,0.0
tok_4,0,0.0
tok_5,5903,0.02719173791273585
tok_6,3651,0.016818064563679246
tok_7,1732,0.007978331367924528
tok_8,3211,0.014791236733490566
tok_9,1213,0.005587595813679245
tok_10,4055,0.018679061025943397
tok_11,2517,0.011594376474056603
tok_12,1583,0.007291973761792453
tok_13,368,0.0016951650943396227
tok_14,2892,0.013321786556603774
tok_15,195,0.0008982532429245283
tok_16,1474,0.006789873231132075
tok_17,791,0.00364368366745283
tok_18,4313,0.01986751916273585
tok_19,4595,0.02116653154481132
tok_20,5406,0.02490234375
tok_21,2546,0.011727962853773585
tok_22,1741,0.00801978920990566
tok_23,5018,0.02311505011792453
tok_24,2424,0.011165978773584906
tok_25,1500,0.006909640330188679
tok_26,973,0.004482053360849057
tok_27,3970,0.018287514740566037
tok_28,1279,0.005891619988207547
tok_29,610,0.002809920400943396
tok_30,3788,0.017449145047169812
tok_31,969,0.004463627653301887
tok_32,3647,0.016799638856132077
tok_33,701,0.0032291052476415096
tok_34,1949,0.00897792600235849
tok_35,9087,0.04185860112028302
tok_36,2008,0.009249705188679245
tok_37,6745,0.031070349351415096
tok_38,3223,0.014846513856132075
tok_39,3088,0.014224646226415094
tok_40,5769,0.02657447670990566
tok_41,3590,0.016537072523584904
tok_42,4451,0.020503206073113206
tok_43,5888,0.027122641509433963
tok_44,2762,0.012722951061320755
tok_45,1331,0.006131154186320755
tok_46,4993,0.022999889445754717
tok_47,1911,0.008802881780660377
tok_48,4332,0.019955041273584904
tok_49,2027,0.009337227299528301
tok_50,2681,0.012349830483490566
tok_51,4707,0.021682451356132077
tok_52,3217,0.01481887529481132
tok_53,321,0.0014786630306603773
tok_54,2211,0.010184809846698114
tok_55,43,0.00019807635613207548
tok_56,2830,0.013036188089622642
tok_57,1297,0.0059745356721698116
tok_58,1485,0.006840543926886792
tok_59,1527,0.007034013856132075
tok_60,1528,0.007038620283018868
tok_61,187,0.0008614018278301887
tok_62,1257,0.005790278596698113
tok_63,2725,0.012552513266509434
tok_64,1102,0.005076282429245283
tok_65,2512,0.011571344339622642
tok_66,2948,0.01357974646226415
tok_67,2534,0.011672685731132075
tok_68,4247,0.019563494988207548
