token,count,frequency
<PAD>,0,0.0
<BOS_CDS>,17148,0.001953125
<EOS_CDS>,0,0.0
<SEP>,0,0.0
AAA,357342,0.040700582793911824
AAC,140746,0.016030705111383253
AAG,196856,0.02242152874970842
AAT,209362,0.023845938666316773
ACA,146426,0.01667764644564964
ACC,78628,0.008955581554700257
ACG,98262,0.01119185728656403
ACT,83104,0.009465389549801726
AGA,154326,0.01757744161126662
AGC,160192,0.018245567996267788
AGG,113586,0.012937232111616515
AGT,85260,0.0097109539013296
ATA,156796,0.017858769973174714
ATC,166284,0.018939435356892933
ATG,175154,0.01994971170107301
ATT,215746,0.024573064278633077
CAA,178586,0.020340610056566365
CAC,83362,0.009494775265337065
CAG,148694,0.016935967386867274
CAT,164458,0.018731457385700957
CCA,96030,0.010937636677746675
CCC,62020,0.007063961540704456
CCG,114046,0.012989625247842314
CCT,95894,0.010922146533123397
CGA,106176,0.012093247025892232
CGC,103924,0.011836748454630277
CGG,127550,0.014527705490436202
CGT,92084,0.010488194687427106
CTA,60098,0.0068450493497784
CTC,90040,0.01025538692558899
CTG,147516,0.016801795398880336
CTT,171612,0.01954628455213436
GAA,229050,0.026088364896780965
GAC,96642,0.011007342328551434
GAG,106714,0.012154524215651972
GAT,177060,0.020166801522043386
GCA,143452,0.016338913430137627
GCC,110850,0.012625606849195241
GCG,109620,0.012485512158852343
GCT,159860,0.018207753819687426
GGA,141662,0.01613503579134593
GGC,122008,0.013896482097037555
GGG,77976,0.008881319979006298
GGT,86434,0.009844670296827618
GTA,85702,0.00976129687135526
GTC,90486,0.010306185488103569
GTG,90142,0.01026700453405645
GTT,132600,0.01510289100769769
TAA,143316,0.016323423285514345
TAC,86208,0.009818929321203639
TAG,57556,0.006555520323069746
TAT,168242,0.019162447880219268
TCA,187614,0.021368882304058784
TCC,115216,0.013122886050851412
TCG,103278,0.011763170267669699
TCT,134524,0.015322030994868206
TGA,202830,0.023101956131910427
TGC,138804,0.015809514958012597
TGG,111888,0.01274383310006998
TGT,140356,0.015986284843713554
TTA,153090,0.017436663532190342
TTC,186822,0.021278674991252623
TTG,178998,0.020387536082925123
TTT,313468,0.03570341657919291
tok_68,0,0.0
