token,count,frequency
<PAD>,2469,0.0019787712864177266
<BOS_CDS>,4227,0.003387714146491588
<EOS_CDS>,4224,0.003385309807139926
<SEP>,4212,0.0033756924497332784
AAA,60906,0.048812897517439474
AAC,21098,0.016908917213787445
AAG,25902,0.020759065962248666
AAT,27444,0.02199489638900287
ACA,27438,0.02199008771029955
ACC,10577,0.008476899107509232
ACG,17838,0.014296201784981534
ACT,10745,0.008611542111202297
AGA,13235,0.010607143773081657
AGC,17409,0.013952381257693885
AGG,4716,0.0037796214608124745
AGT,8155,0.006535795804267542
ATA,11607,0.009302388951579811
ATC,33231,0.026632866998358637
ATG,33303,0.026690571142798523
ATT,45688,0.03661648543290932
CAA,24166,0.019367754924086992
CAC,9104,0.00729636848584325
CAG,22966,0.018406019183422242
CAT,18792,0.015060781698810012
CCA,8587,0.006882020670906853
CCC,3998,0.003204182909314731
CCG,19547,0.015665873768978253
CCT,12884,0.010325836068937218
CGA,4979,0.0039904018773081655
CGC,10395,0.008331035853508412
CGG,7847,0.006288950297496923
CGT,9133,0.007319610432909315
CTA,6080,0.004872794419368076
CTC,13394,0.010734573758719737
CTG,28632,0.022947014772260976
CTT,28524,0.02286045855560115
GAA,60565,0.048539604277800574
GAC,22902,0.018354726610586788
GAG,28531,0.022866068680755025
GAT,40749,0.032658141413623304
GCA,26671,0.02137537828272466
GCC,19557,0.01567388823348379
GCG,24812,0.01988548933114485
GCT,23339,0.01870495870947887
GGA,26730,0.021422663623307345
GGC,28835,0.023109708401723432
GGG,13758,0.011026300266721379
GGT,15602,0.01250416752154288
GTA,16415,0.01315574348584325
GTC,21349,0.01711008027287649
GTG,21819,0.01748676010463685
GTT,23658,0.01896062012720558
TAA,2691,0.0021566923984407058
TAC,14835,0.011889458093967993
TAG,614,0.0004920881206401314
TAT,28026,0.022461338223225276
TCA,18226,0.014607163007796471
TCC,9815,0.007866196912187115
TCG,7737,0.006200791187935987
TCT,15812,0.012672471276159213
TGA,1002,0.0008030493434550677
TGC,5293,0.0042420560627821095
TGG,12707,0.010183980047189166
TGT,4390,0.0035183499179318833
TTA,23608,0.018920547804677883
TTC,17420,0.01396119716864998
TTG,18980,0.015211453631514157
TTT,37844,0.030329939474764055
tok_68,0,0.0
