token,count,frequency
<PAD>,4917,0.00394071219737382
<BOS_CDS>,4219,0.003381302574887156
<EOS_CDS>,4213,0.0033764938961838324
<SEP>,4195,0.0033620678600738614
AAA,60776,0.04870870947886746
AAC,21057,0.01687605790931473
AAG,25849,0.020716589300369306
AAT,27393,0.021954022620024622
ACA,27377,0.02194119947681576
ACC,10565,0.008467281750102584
ACG,17800,0.014265746819860484
ACT,10728,0.00859791752154288
AGA,13217,0.010592717736971687
AGC,17369,0.013920323399671728
AGG,4705,0.003770805549856381
AGT,8141,0.006524575553959786
ATA,11591,0.009289565808370948
ATC,33168,0.026582375871973738
ATG,33226,0.026628859766105867
ATT,45618,0.03656038418137054
CAA,24119,0.019330086940910957
CAC,9091,0.007285949681986048
CAG,22909,0.018360336735740664
CAT,18746,0.01502391516208453
CCA,8563,0.006862785956093557
CCC,3992,0.0031993742306114076
CCG,19507,0.015633815910956094
CCT,12858,0.010304998461222814
CGA,4966,0.003979983073450964
CGC,10372,0.00831260258514567
CGG,7828,0.006273722814936397
CGT,9117,0.0073067872897004515
CTA,6071,0.00486558140131309
CTC,13373,0.010717743383258104
CTG,28566,0.022894119306524414
CTT,28480,0.022825194911776776
GAA,60447,0.048445033596635205
GAC,22847,0.01831064705580632
GAG,28452,0.022802754411161263
GAT,40644,0.03257398953631514
GCA,26617,0.02133210017439475
GCC,19524,0.01564744050061551
GCG,24780,0.019859843044727123
GCT,23309,0.01868091531596225
GGA,26670,0.02137457683627411
GGC,28779,0.02306482740049241
GGG,13750,0.011019888695116947
GGT,15596,0.012499358842839557
GTA,16385,0.01313170009232663
GTC,21307,0.017076419521953223
GTG,21786,0.01746031237176857
GTT,23604,0.018917342018875665
TAA,2678,0.002146273594583504
TAC,14797,0.011859003128846943
TAG,611,0.0004896837812884694
TAT,27980,0.022424471686499796
TCA,18194,0.014581516721378744
TCC,9789,0.007845359304472712
TCG,7716,0.006183960812474354
TCT,15780,0.012646824989741486
TGA,998,0.0007998435576528519
TGC,5287,0.004237247384078786
TGG,12680,0.01016234099302421
TGT,4389,0.0035175484714813294
TTA,23581,0.018898908750512925
TTC,17376,0.013925933524825605
TTG,18940,0.015179395773491998
TTT,37769,0.030269830990972506
tok_68,0,0.0
