token,count,frequency
<pad>,35286,0.18088705708661418
<bos>,350,0.0017942093175853018
<eos>,0,0.0
<eog>,0,0.0
<unk>,0,0.0
AAA,5301,0.027174581692913386
AAC,3350,0.017173146325459316
AAG,1755,0.008996678149606299
AAT,2691,0.013794906496062992
ACA,1183,0.00606442749343832
ACC,3470,0.01778830380577428
ACG,2243,0.011498318569553806
ACT,1459,0.00747928969816273
AGA,335,0.0017173146325459318
AGC,2607,0.01336429625984252
AGG,178,0.000912483595800525
AGT,1410,0.007228100393700788
ATA,689,0.0035320291994750657
ATC,3954,0.02026943897637795
ATG,4480,0.022965879265091863
ATT,4996,0.025611056430446193
CAA,2391,0.012257012795275591
CAC,1456,0.007463910761154856
CAG,4651,0.023842478674540684
CAT,2062,0.010570456036745406
CCA,1281,0.006566806102362204
CCC,915,0.004690575787401575
CCG,3538,0.018136893044619424
CCT,1139,0.005838869750656168
CGA,560,0.002870734908136483
CGC,3550,0.01819840879265092
CGG,865,0.004434260170603674
CGT,3327,0.017055241141732284
CTA,672,0.0034448818897637795
CTC,1849,0.009478551509186351
CTG,8453,0.04333271817585302
CTT,1758,0.009012057086614173
GAA,6292,0.03225475721784777
GAC,2901,0.014871432086614173
GAG,2905,0.014891937335958005
GAT,5185,0.026579929461942257
GCA,3185,0.016327304790026247
GCC,3983,0.020418102034120734
GCG,5431,0.027841002296587928
GCT,2413,0.012369791666666666
GGA,1250,0.006407890419947507
GGC,4759,0.024396120406824148
GGG,1755,0.008996678149606299
GGT,3871,0.019843955052493437
GTA,1660,0.008509678477690288
GTC,2578,0.013215633202099737
GTG,4323,0.022161048228346455
GTT,2944,0.015091863517060367
TAA,190,0.000973999343832021
TAC,1894,0.009709235564304463
TAG,32,0.00016404199475065617
TAT,2585,0.013251517388451444
TCA,1150,0.005895259186351706
TCC,1380,0.007074311023622047
TCG,1450,0.007433152887139108
TCT,1363,0.0069871637139107615
TGA,116,0.0005946522309711286
TGC,1139,0.005838869750656168
TGG,2567,0.0131592437664042
TGT,936,0.004798228346456693
TTA,2255,0.011559834317585302
TTC,2522,0.01292855971128609
TTG,2248,0.011523950131233595
TTT,3606,0.018485482283464565
